-- MySQL dump 10.13  Distrib 9.7.0, for macos15 (arm64)
--
-- Host: localhost    Database: ABP
-- ------------------------------------------------------
-- Server version	9.7.0

/*!40101 SET @OLD_CHARACTER_SET_CLIENT=@@CHARACTER_SET_CLIENT */;
/*!40101 SET @OLD_CHARACTER_SET_RESULTS=@@CHARACTER_SET_RESULTS */;
/*!40101 SET @OLD_COLLATION_CONNECTION=@@COLLATION_CONNECTION */;
/*!50503 SET NAMES utf8mb4 */;
/*!40103 SET @OLD_TIME_ZONE=@@TIME_ZONE */;
/*!40103 SET TIME_ZONE='+00:00' */;
/*!40014 SET @OLD_UNIQUE_CHECKS=@@UNIQUE_CHECKS, UNIQUE_CHECKS=0 */;
/*!40014 SET @OLD_FOREIGN_KEY_CHECKS=@@FOREIGN_KEY_CHECKS, FOREIGN_KEY_CHECKS=0 */;
/*!40101 SET @OLD_SQL_MODE=@@SQL_MODE, SQL_MODE='NO_AUTO_VALUE_ON_ZERO' */;
/*!40111 SET @OLD_SQL_NOTES=@@SQL_NOTES, SQL_NOTES=0 */;
SET @MYSQLDUMP_TEMP_LOG_BIN = @@SESSION.SQL_LOG_BIN;
SET @@SESSION.SQL_LOG_BIN= 0;

--
-- GTID state at the beginning of the backup 
--

SET @@GLOBAL.GTID_PURGED=/*!80000 '+'*/ '41c15d62-456e-11f1-91be-0829b3091344:1-295';

--
-- Current Database: `ABP`
--

CREATE DATABASE /*!32312 IF NOT EXISTS*/ `ABP` /*!40100 DEFAULT CHARACTER SET utf8mb4 COLLATE utf8mb4_0900_ai_ci */ /*!80016 DEFAULT ENCRYPTION='N' */;

USE `ABP`;

--
-- Table structure for table `categorias`
--

DROP TABLE IF EXISTS `categorias`;
/*!40101 SET @saved_cs_client     = @@character_set_client */;
/*!50503 SET character_set_client = utf8mb4 */;
CREATE TABLE `categorias` (
  `id_cat` int NOT NULL AUTO_INCREMENT,
  `nombre_cat` varchar(50) NOT NULL,
  PRIMARY KEY (`id_cat`)
) ENGINE=InnoDB AUTO_INCREMENT=7 DEFAULT CHARSET=utf8mb4 COLLATE=utf8mb4_0900_ai_ci;
/*!40101 SET character_set_client = @saved_cs_client */;

--
-- Dumping data for table `categorias`
--

LOCK TABLES `categorias` WRITE;
/*!40000 ALTER TABLE `categorias` DISABLE KEYS */;
INSERT INTO `categorias` VALUES (1,'Geografia'),(2,'Historia'),(3,'Musica'),(4,'Informatica'),(5,'Entretenimiento'),(6,'Deportes');
/*!40000 ALTER TABLE `categorias` ENABLE KEYS */;
UNLOCK TABLES;

--
-- Table structure for table `partidas`
--

DROP TABLE IF EXISTS `partidas`;
/*!40101 SET @saved_cs_client     = @@character_set_client */;
/*!50503 SET character_set_client = utf8mb4 */;
CREATE TABLE `partidas` (
  `id_partida` int NOT NULL AUTO_INCREMENT,
  `id_jugador` int DEFAULT NULL,
  `fecha` timestamp NULL DEFAULT CURRENT_TIMESTAMP,
  `tiempo_partida` time DEFAULT NULL,
  `puntos` int DEFAULT '0',
  PRIMARY KEY (`id_partida`),
  KEY `id_jugador` (`id_jugador`),
  CONSTRAINT `partidas_ibfk_1` FOREIGN KEY (`id_jugador`) REFERENCES `usuarios` (`id`)
) ENGINE=InnoDB DEFAULT CHARSET=utf8mb4 COLLATE=utf8mb4_0900_ai_ci;
/*!40101 SET character_set_client = @saved_cs_client */;

--
-- Dumping data for table `partidas`
--

LOCK TABLES `partidas` WRITE;
/*!40000 ALTER TABLE `partidas` DISABLE KEYS */;
/*!40000 ALTER TABLE `partidas` ENABLE KEYS */;
UNLOCK TABLES;

--
-- Table structure for table `preguntas`
--

DROP TABLE IF EXISTS `preguntas`;
/*!40101 SET @saved_cs_client     = @@character_set_client */;
/*!50503 SET character_set_client = utf8mb4 */;
CREATE TABLE `preguntas` (
  `id_pregunta` int NOT NULL AUTO_INCREMENT,
  `id_cat` int NOT NULL,
  `enunciado` text NOT NULL,
  `letra` char(1) NOT NULL DEFAULT '',
  PRIMARY KEY (`id_pregunta`),
  KEY `id_cat` (`id_cat`),
  CONSTRAINT `preguntas_ibfk_1` FOREIGN KEY (`id_cat`) REFERENCES `categorias` (`id_cat`) ON DELETE CASCADE
) ENGINE=InnoDB AUTO_INCREMENT=157 DEFAULT CHARSET=utf8mb4 COLLATE=utf8mb4_0900_ai_ci;
/*!40101 SET character_set_client = @saved_cs_client */;

--
-- Dumping data for table `preguntas`
--

LOCK TABLES `preguntas` WRITE;
/*!40000 ALTER TABLE `preguntas` DISABLE KEYS */;
INSERT INTO `preguntas` VALUES (1,1,'¿Que pais empieza por la letra A y tiene la bandera tri-color azul, amarillo y rojo?','A'),(2,1,'¿Cual es la capital de catalunya?','B'),(3,1,'¿Cuál es el país más largo y estrecho del mundo, ubicado en el cono sur de América, entre la cordillera de los Andes y el océano Pacífico?','C'),(4,1,'¿Cuál es la capital de Irlanda, famosa por su ambiente, su río Liffey y San Patricio?','D'),(5,1,'¿Cómo se llama el estrecho de agua que separa el extremo sur de España del norte de África, conectando el océano Atlántico con el mar Mediterráneo?','E'),(6,1,'¿Qué país europeo es famoso por albergar la región de Laponia, tener miles de lagos y ser considerado habitualmente el país más feliz del mundo?','F'),(7,1,'¿Cuál es la isla más grande del mundo (que no se considera continente), cubierta casi por completo de hielo y perteneciente a Dinamarca?','G'),(8,1,'¿Qué gran cordillera asiática contiene las montañas más altas del planeta, incluyendo el monte Everest?','H'),(9,1,'¿Qué país insular nórdico es famoso por sus volcanes, géiseres, termas y campos de lava, ubicado en el Atlántico Norte?','I'),(10,1,'¿Qué país insular de Asia Oriental es conocido como \"La tierra del sol naciente\" y tiene su capital en Tokio?','J'),(11,1,'¿Qué famoso país de África Oriental es conocido por sus safaris, el parque Masái Mara y su capital, Nairobi?','K'),(12,1,'¿Cuál es la capital de Reino Unido, atravesada por el río Támesis?','L'),(13,1,'¿Qué mar interior está rodeado por Europa, África y Asia, y conecta con el océano Atlántico a través del estrecho de Gibraltar?','M'),(14,1,'¿Qué país europeo es famoso por sus fiordos, el cabo Norte y por ser uno de los mejores lugares para ver auroras boreales?','N'),(15,1,'¿Qué término geográfico define a un espacio con vegetación y a veces manantiales que se encuentra aislado en medio de un desierto?','O'),(16,1,'¿Qué país tiene un canal artificial, inaugurado en 1914, corta el continente americano para unir el océano Atlántico con el océano Pacífico?','P'),(17,1,'¿Qué pequeño y rico país de la península arábiga, con capital en Doha, organizó el Mundial de Fútbol en 2022?','Q'),(18,1,'¿Cuál es el país más grande del mundo por extensión territorial, que abarca parte de Europa Oriental y todo el norte de Asia?','R'),(19,1,'¿Qué país alpino europeo tiene cuatro idiomas oficiales (alemán, francés, italiano y romanche) y es famoso por sus quesos y chocolates?','S'),(20,1,'¿Qué gran isla al sur de Australia es famosa por albergar a un peculiar mamífero marsupial \"demonio\" del mismo nombre?','T'),(21,1,'¿Qué país sudamericano, con capital en Montevideo, es famoso por sus playas como Punta del Este y por ser el segundo más pequeño del subcontinente?','U'),(22,1,'¿Qué país caribeño y sudamericano cuenta con el Salto Ángel, la cascada de agua más alta del mundo?','V'),(23,1,'¿Cómo se llama en ingles la parte del territorio de Reino Unido cuya capital es Cardiff y tiene al dragón rojo en su bandera?','W'),(24,1,'¿Qué importante río de China (también conocido como rílo de las Perlas) fluye por el sur del país y pasa por Cantón?','X'),(25,1,'¿Qué península mexicana separa el golfo de México del mar Caribe y es famosa por sus ruinas mayas como Chichén Itzá?','Y'),(26,1,'¿Qué gran río africano es famoso por albergar las espectaculares Cataratas Victoria en la frontera entre Zambia y Zimbabue?','Z'),(27,2,'¿Que pintor austriaco mando durante el Tercer Reich ?','A'),(28,2,'¿Qué imperio medieval, que era la mitad oriental del antiguo Imperio Romano, sobrevivió mil años más con su capital en Constantinopla hasta 1453?','B'),(29,2,'¿Qué navegante de origen genovés lideró la expedición que llegó a las costas de América en 1492 bajo el patrocinio de los Reyes Católicos?','C'),(30,2,'¿Qué título político (que hoy asociamos a regímenes totalitarios) ostentaban en la Antigua Roma ciertos magistrados a los que se les otorgaba poder absoluto de forma temporal durante situaciones de extrema crisis?','D'),(31,2,'¿Qué civilización de la antigüedad floreció a orillas del río Nilo, famosa por sus faraones, momias y por construir las pirámides de Giza?','E'),(32,2,'¿Qué título político y religioso de carácter absoluto ostentaban los gobernantes del Antiguo Egipto, considerados la encarnación terrestre del dios Horus?','F'),(33,2,'¿Qué astrónomo y físico italiano del siglo XVII fue juzgado por la Inquisición debido a su defensa del heliocentrismo (que la Tierra gira alrededor del Sol)?','G'),(34,2,'¿Qué historiador griego del siglo V a.C. es tradicionalmente considerado el \"Padre de la Historia\" por sus relatos sobre las Guerras Médicas?','H'),(35,2,'¿Qué gran imperio precolombino se extendía a lo largo de la cordillera de los Andes, con su centro neurálgico en la ciudad de Cusco, antes de la conquista española?','I'),(36,2,'¿Qué joven campesina francesa del siglo XV afirmó recibir visiones divinas, lideró a las tropas de su país en la Guerra de los Cien Años y acabó quemada en la hoguera por herejía?','J'),(37,2,'¿Qué influyente filósofo y economista prusiano del siglo XIX escribió, junto a Friedrich Engels, el Manifiesto Comunista en 1848?','K'),(38,2,'¿Qué revolucionario y político fue el principal líder de la Revolución Bolchevique de 1917 y el primer dirigente de la Unión Soviética (URSS)?','L'),(39,2,'¿Qué periodo histórico de Occidente se sitúa tradicionalmente entre la caída del Imperio Romano de Occidente (siglo V) y el descubrimiento de América (siglo XV)?','M'),(40,2,'¿En qué ciudad alemana se celebraron los famosos juicios entre 1945 y 1946 para procesar y castigar a los líderes supervivientes del régimen nazi por crímenes de guerra?','N'),(41,2,'¿Qué imperio, fundado por tribus turcas en Anatolia a finales del siglo XIII, conquistó Constantinopla en 1453 y se disolvió tras la Primera Guerra Mundial?','O'),(42,2,'¿Qué famosa ciudad del Imperio Romano quedó completamente enterrada y preservada bajo las cenizas tras la violenta erupción del volcán Vesubio en el año 79 d.C.?','P'),(43,2,'¿Qué dinastía de origen manchú gobernó el Imperio Chino desde 1644 hasta la abolición de la monarquía y la proclamación de la República en 1912?','Q'),(44,2,'¿Qué violento proceso político comenzó en París en 1789, derrocó al rey Luis XVI, abolió el absolutismo y sentó las bases de las democracias modernas bajo el lema \"Libertad, Igualdad, Fraternidad\"?','R'),(45,2,'¿Qué filósofo clásico de Atenas es considerado uno de los fundadores de la filosofía occidental?','S'),(46,2,'¿Qué faraón de la dinastía XVIII del Antiguo Egipto es mundialmente famoso porque su tumba en el Valle de los Reyes fue descubierta casi intacta por Howard Carter en 1922?','T'),(47,2,'¿Qué gigantesco Estado federal socialista existió en Eurasia entre 1922 y 1991, rival geopolítico de Estados Unidos durante la Guerra Fría?','U'),(48,2,'¿Qué civilización marítima de exploradores y guerreros originarios de Escandinavia saqueó y comerció por toda Europa entre los siglos VIII y XI?','V'),(49,2,'¿Qué militar y político británico lideró a las tropas aliadas anglo-portuguesas y prusianas que derrotaron definitivamente a Napoleón en la batalla de Waterloo?','W'),(50,2,'¿Qué antigua dinastía china (considerada tradicionalmente la primera de su historia, aunque a caballo entre el mito y la arqueología) empieza por esta letra en la transliteración pinyin?','X'),(51,2,'¿Qué dinastía de origen mongol, fundada por Kublai Khan (nieto de Gengis Khan), gobernó China durante el siglo XIII y XIV y recibió al viajero Marco Polo?','Y'),(52,2,'¿Cual es el nombre de la dinastía que gobernó China antes de la unificación en el año 221 A.C?','Z'),(53,3,'¿Qué cuarteto sueco arrasó en los 70 con temazos como Mamma Mia y Dancing Queen?','A'),(54,3,'¿Qué instrumento de percusión, compuesto por platillos, bombos y tambores, es el encargado de llevar el ritmo en una banda de rock?','B'),(55,3,'¿Qué famosísimo compositor clásico polaco es el rey absoluto de las composiciones para piano, como sus célebres Nocturnos?','C'),(56,3,'¿Cómo se llama la persona encargada de mezclar las canciones en una discoteca o festival de música?','D'),(57,3,'¿A qué legendario cantante estadounidense de los años 50 se le conoce mundialmente como \"El Rey del Rock and Roll\"?','E'),(58,3,'¿Qué género musical tradicional del sur de España es famoso por su cante, su toque de guitarra, sus palmas y su baile lleno de pasión?','F'),(59,3,'¿Qué instrumento de cuerda, que puede ser clásica, acústica o eléctrica, es el más popular del mundo para rasguear acordes junto a una fogata?','G'),(60,3,'¿Qué compositor clásico alemán del periodo barroco es mundialmente famoso por su majestuosa obra coral El Mesías (y su archiconocido Aleluya)?','H'),(61,3,'¿Qué cantante español es el artista latino que más discos ha vendido en la historia, padre de otro famoso cantante llamado Enrique?','I'),(62,3,'¿Qué rey del pop estadounidense revolucionó el baile con su \"paso de la luna\" (Moonwalk) y firmó el álbum más vendido de la historia, Thriller?','J'),(63,3,'¿Qué estilo de música pop, originario de Corea del Sur, se ha convertido en un fenómeno global gracias a bandas como BTS o Blackpink?','K'),(64,3,'¿Qué espectacular diva neoyorquina del pop es famosa por sus videoclips extravagantes, sus vestidos locos y temazos como Bad Romance o Poker Face?','L'),(65,3,'¿Qué niño prodigio y genio austriaco del siglo XVIII compuso algunas de las sinfonías y óperas más famosas de la historia de la música clásica?','M'),(66,3,'¿Qué palabra italiana usamos en música para referirnos a cada uno de los sonidos individuales que forman una melodía (Do, Re, Mi, Fa, Sol, La, Si)?','N'),(67,3,'¿Qué gran grupo de músicos que tocan juntos instrumentos de cuerda, madera, metal y percusión está dirigido por un director con batuta?','O'),(68,3,'¿Cómo llamamos al género musical más comercial, pegadizo y enfocado a las masas, que domina las listas de éxitos de la radio?','P'),(69,3,'¿Qué legendaria banda británica de rock, liderada por Freddie Mercury, nos regaló himnos de estadio como We Will Rock You y We Are the Champions?','Q'),(70,3,'¿Qué cantante caribeña nacida en Barbados ha conquistado el pop mundial con éxitos como Umbrella, Diamonds y su espectacular show de la Super Bowl?','R'),(71,3,'¿Qué famoso instrumento de metal, rey del jazz y del blues, fue inventado por el belga Adolphe Sax en el siglo XIX?','S'),(72,3,'¿Qué velocidad o pulso lleva una pieza musical, que puede ir desde muy lento (adagio) hasta muy rápido (allegro)?','T'),(73,3,'¿Qué pequeño instrumento de cuatro cuerdas, originario de Hawái y parecido a una guitarra diminuta, se ha puesto superde moda en los últimos años?','U'),(74,3,'¿Qué compositor e instrumentista italiano del periodo barroco, apodado \"El cura rojo\", es el autor de los celebérrimos conciertos para violín Las cuatro estaciones?','V'),(75,3,'¿Qué festival de rock e historia de la contracultura, celebrado en 1969 en el estado de Nueva York, reunió a medio millón de personas bajo el lema \"Paz y Música\"?','W'),(76,3,'¿Qué instrumento de percusión está formado por láminas de madera ordenadas como las teclas de un piano que se golpean con unas baquetas con punta de goma o fieltro?','X'),(77,3,'¿Qué artista conceptual e integrante de la vanguardia artística es mundialmente conocida por haber sido la esposa y colaboradora musical de John Lennon?','Y'),(78,3,'¿Qué estilo de baile y género musical folclórico, de ritmo alegre y saltado, es originario de las regiones andinas de Sudamérica?','Z'),(79,4,'¿Como se llama uno de los mayores fabricantes de Procesadores y tarjetas Graficas','A'),(80,4,'¿Que tipo de dato de programacion muchas veces es representado como 1 o 0?','B'),(81,4,'¿Como se llama el Cerebro del ordenador?','C'),(82,4,'¿Como se llama el componente donde se almacena permanentemente la información de los Dispositivos?','D'),(83,4,'¿Que metodo de mensajería se usa más en corporaciones y es laevolución de un metodo antiguo de cartas?','E'),(84,4,'¿Qué red social (ahora parte de la empresa Meta) fue creada por Mark Zuckerberg para conectar a estudiantes universitarios?','F'),(85,4,'¿Qué unidad de medida de almacenamiento (que equivale a unos 1000 Megabytes) usamos hoy en día para saber cuánta memoria tiene un móvil?','G'),(86,4,'¿Cómo se conoce popularmente a los piratas informáticos que intentan colarse en sistemas ajenos?','H'),(87,4,'¿Qué gigantesca red mundial descentralizada nos permite conectar ordenadores, ver vídeos en YouTube y leer esta respuesta?','I'),(88,4,'¿Qué accesorio con palanca y botones se utiliza principalmente para jugar a videojuegos en el ordenador o la consola?','J'),(89,4,'¿Como se llama en ingles el periférico o accesorio que usamos para escribir letras y números en la pantalla?','K'),(90,4,'¿Qué sistema operativo gratuito y de código abierto tiene como mascota a un simpático pingüino llamado Tux?','L'),(91,4,'¿Qué empresa tecnológica americana creó el paquete Office?','M'),(92,4,'¿Cómo llamamos al espacio virtual en internet donde guardamos archivos sin que ocupen sitio en nuestro disco duro?','N'),(93,4,'¿Cómo se llama la acción de estar conectado a internet?','O'),(94,4,'¿Cómo llamamos al pequeño punto de luz de la pantalla que, al juntarse por millones con otros, forma la imagen que estamos viendo?','P'),(95,4,'¿Qué teclado estándar usamos en España e Hispanoamérica, llamado así por las primeras seis letras de su fila superior?','Q'),(96,4,'¿Qué tipo de memoria ultra rápida del ordenador almacena los datos de los programas abiertos en ese mismo instante?','R'),(97,4,'¿Cómo llamamos al mensaje molesto o correo electrónico publicitario no deseado que inunda nuestra bandeja de entrada?','S'),(98,4,'¿Qué red social de hilos de texto, cuyo logotipo pasó de ser un pájaro azul a una letra equis, te permite publicar mensajes cortos?','T'),(99,4,'¿Qué término en inglés (dirección web) es la cadena de caracteres que escribes en la barra del navegador para entrar a un sitio (ej: [www.google.com](https://www.google.com))?','U'),(100,4,'¿Qué tipo de programa informático malicioso se \"contagia\" de ordenador en ordenador con el fin de dañar el sistema o robar información?','V'),(101,4,'¿Qué tecnología inalámbrica nos permite conectar el móvil o el portátil a internet en casa sin necesidad de usar cables?','W'),(102,4,'¿Qué consola de videojuegos doméstica fabrica Microsoft para competir directamente con la PlayStation de Sony?','X'),(103,4,'¿Qué unidad de almacenamiento masivo teórica (gigantesca, por encima del Terabyte y el Petabyte) empieza por esta letra?','Y'),(104,4,'¿Qué famosa aplicación de videollamadas se volvió indispensable en todo el mundo para teletrabajar y dar clases online?','Z'),(105,5,'¿Qué saga de videojuegos de simulación de vida de Nintendo te permite mudarte a una isla desierta, pescar, cazar bichos y convivir con vecinos animales?','A'),(106,5,'¿Como se llama el Jefe de robin en la ciudad del Crimen Gotham?','B'),(107,5,'¿Cómo se llama el canal de televisión infantil por cable donde nacieron series de animación míticas como El laboratorio de Dexter, Las Supernenas o Ben 10?','C'),(108,5,'¿Qué gigante del entretenimiento mundial es el creador de Mickey Mouse y dueño de franquicias como Star Wars, Marvel y Pixar?','D'),(109,5,'¿Qué entrañable y pacífico extraterrestre de una película de Steven Spielberg de los 80 se hace amigo de un niño llamado Elliott y quiere \"llamar a su casa\"?','E'),(110,5,'¿La saga de acción y conducción protagonizada por Vin Diesel?','F'),(111,5,'¿Como se llama el lagarto gigante y gran rival de King Kong?','G'),(112,5,'¿Qué joven mago con una cicatriz en forma de rayo en la frente asiste al Colegio Hogwarts de Magia y Hechicería en los libros y películas?','H'),(113,5,'¿Qué película de Christopher Nolan de 2014 nos lleva a un viaje espacial a través de un agujero de gusano para buscar un nuevo hogar para la humanidad?','I'),(114,5,'¿Qué agente secreto británico del MI6, también conocido como el código 007, es famoso por pedir su Martini \"agitado, no batido\"?','J'),(115,5,'¿Qué redondo y simpático personaje rosa de Nintendo es capaz de tragarse a sus enemigos para copiar sus habilidades?','K'),(116,5,'¿Como se llama la famosa serie de la compañia Warner Bros que reune a personajes míticos como Bugs Bunny, Pato Lucas o Píolin?','L'),(117,5,'¿Qué ratón animado con pantalones cortos rojos y guantes blancos es la mascota oficial de la compañía Disney desde 1928?','M'),(118,5,'¿Qué plataforma de streaming, famosa por su característico sonido de inicio \"Tudum\", popularizó el fenómeno de ver series enteras del tirón en casa?','N'),(119,5,'¿Como se llamaba el muñeco de nieve que aparece en la pelicula animada de Disney que cuenta con una reina del Hielo?','O'),(120,5,'¿Qué saga de películas de piratas de Disney está protagonizada por el excéntrico capitán Jack Sparrow a bordo de la Perla Negra?','P'),(121,5,'¿Qué aclamado director de cine estadounidense es famoso por sus películas llenas de acción, diálogos ingeniosos y mucha sangre, como Pulp Fiction o Kill Bill?','Q'),(122,5,'¿Cuál es el nombre del gladiador y héroe de acción de los 80 interpretado por Sylvester Stallone?','R'),(123,5,'¿Qué mítica saga de ciencia ficción espacial creada por George Lucas nos narra la eterna lucha entre los Jedi y los Sith en una galaxia muy, muy lejana?','S'),(124,5,'¿Qué colosal barco transatlántico protagoniza la oscarizada película de 1997 donde Leonardo DiCaprio y Kate Winslet viven un romance trágico?','T'),(125,5,'¿Qué película de animación de Pixar de 2009 nos muestra a un cascarrabias anciano que hace volar su casa atando miles de globos de colores para viajar a Sudamérica?','U'),(126,5,'¿Qué espectacular y violenta serie de televisión histórica narra las expediciones, saqueos y conquistas del legendario guerrero Ragnar Lothbrok y sus hijos?','V'),(127,5,'¿Qué famosa compañía de cine es conocida por sus siglas WB y tiene como logotipo un escudo dorado en el que nacieron superhéroes como Batman y personajes como Piolín?','W'),(128,5,'¿Cómo se llama el grupo de superhéroes mutantes de Marvel, liderados por el Profesor Charles Xavier, que incluye a Lobezno, Cíclope y Tormenta?','X'),(129,5,'¿Qué famoso juego de cartas coleccionables y serie de anime japonesa gira en torno a combates de monstruos de duelo utilizando cartas mágicas y de trampa?','Y'),(130,5,'¿Qué criatura terrorífica de la cultura pop (famosa por series como The Walking Dead o películas como Guerra Mundial Z) consiste en un muerto viviente que busca alimentarse de los vivos?','Z'),(131,6,'¿Como se llama el equipo que ha ganado en la Premier League en la temporada 2025/26?','A'),(132,6,'¿Qué club de fútbol de la liga española, conocido mundialmente por sus colores azul y grana, juega sus partidos en el Camp Nou?','B'),(133,6,'¿Qué competición de fútbol europeo es el torneo de clubes más prestigioso del continente europeo, cuya final paraliza el planeta cada año?','C'),(134,6,'¿Qué jugador de baloncesto es considerado el mejor de la historia de Eslovenia, brilló en los Dallas Mavericks de la NBA y jugó en el Real Madrid?','D'),(135,6,'¿Qué país europeo ha ganado la Eurocopa de fútbol masculino en cuatro ocasiones (1964, 2008, 2012 y 2024)?','E'),(136,6,'¿Cuál es la principal competición de automovilismo internacional y el campeonato de deportes  de motor más popular y prestigioso del mundo?','F'),(137,6,'¿Qué duo de hermanos catalanes llegaron a la NBA y consiguieron ganar ambos mínimmo un anillo?','G'),(138,6,'¿Qué deporte olímpico de equipo se juega en una pista de hielo o sobre patines, donde los jugadores usan un palo curvado (stick) para meter un disco o pelota en la portería contraria?','H'),(139,6,'¿Qué mítico portero madrileño fue el capitán de la selección española que levantó la Copa del Mundo en Sudáfrica 2010 y las Eurocopas de 2008 y 2012?','I'),(140,6,'¿Qué deporte de combate de origen japonés, que consiste en derribar al oponente usando su propia fuerza?','J'),(141,6,'¿Circuito de carreras de coches pequeños donde empiezan todos los pilotos de F1?','K'),(142,6,'¿Qué astro argentino del fútbol mundial es el máximo goleador histórico del FC Barcelona y de la selección argentina, ganador de múltiples Balones de Oro?','L'),(143,6,'¿Qué piloto de motociclismo catalán ha hecho historia al ganar 8 títulos mundiales de velocidad (6 de ellos en la máxima categoría, MotoGP)?','M'),(144,6,'¿Qué deporte olímpico e individual consiste en avanzar por el agua utilizando los brazos y las piernas, y tiene estilos tan conocidos como crol, espalda, braza o mariposa?','N'),(145,6,'¿Qué gran evento deportivo multidisciplinar se celebra cada cuatro años, reuniendo a atletas de todo el mundo, y tuvo una edición histórica en Barcelona 1992?','O'),(146,6,'¿Que Jugador catálan jugó toda su vida para el FC Barcelona con el número 5 en la espalda y fue campéon de la Eurocopa de 2008?','P'),(147,6,'¿Qué pequeño estado de la península arábiga acogió el polémico Mundial de Fútbol de la FIFA en el año 2022, donde Argentina se coronó campeona?','Q'),(148,6,'¿Cuál es el nombre del Grandioso y Jugador número 1 de la Historia del futbol, que jugó de delantero para el Real Madrid y Bayern de Munich?','R'),(149,6,'¿Qué famosísimo deporte de tabla consiste en deslizarse y hacer giros sobre las olas del mar, y es todo un símbolo de la cultura playera en lugares como Hawái o California?','S'),(150,6,'¿Qué prestigiosa carrera ciclista por etapas se disputa cada julio en las carreteras francesas, considerada la más importante del mundo?','T'),(151,6,'¿Qué máxima organización del fútbol europeo se encarga de organizar la Champions League y la Eurocopa?','U'),(152,6,'¿Qué deporte de equipo olímpico se juega golpeando un balón por encima de una red alta en una pista de parqué o en la arena de la playa?','V'),(153,6,'¿Cuál es el apellido de las famosas hermanas tenistas que acabaron teniendo una pelicula inspirada en su vida Protagonizada por Will Smith?','W'),(154,6,'¿Qué exjugador de fútbol donostiarra, que brilló en la Real Sociedad, Liverpool, Real Madrid y Bayern de Múnich, y que también ganó el Mundial de 2010?','X'),(155,6,'¿Como es conocida la mítica franquicia de béisbol de Nueva York?','Y'),(156,6,'¿Qué genial exfutbolista francés, de elegancia máxima con el balón, lideró al Real Madrid de los Galácticos como jugador y luego ganó 3 Champions seguidas como entrenador del club?','Z');
/*!40000 ALTER TABLE `preguntas` ENABLE KEYS */;
UNLOCK TABLES;

--
-- Table structure for table `respuestas`
--

DROP TABLE IF EXISTS `respuestas`;
/*!40101 SET @saved_cs_client     = @@character_set_client */;
/*!50503 SET character_set_client = utf8mb4 */;
CREATE TABLE `respuestas` (
  `id_respuesta` int NOT NULL AUTO_INCREMENT,
  `id_pregunta` int NOT NULL,
  `texto_respuesta` varchar(255) NOT NULL,
  `correcta` tinyint(1) NOT NULL DEFAULT '0',
  PRIMARY KEY (`id_respuesta`),
  KEY `id_pregunta` (`id_pregunta`),
  CONSTRAINT `respuestas_ibfk_1` FOREIGN KEY (`id_pregunta`) REFERENCES `preguntas` (`id_pregunta`) ON DELETE CASCADE
) ENGINE=InnoDB AUTO_INCREMENT=625 DEFAULT CHARSET=utf8mb4 COLLATE=utf8mb4_0900_ai_ci;
/*!40101 SET character_set_client = @saved_cs_client */;

--
-- Dumping data for table `respuestas`
--

LOCK TABLES `respuestas` WRITE;
/*!40000 ALTER TABLE `respuestas` DISABLE KEYS */;
INSERT INTO `respuestas` VALUES (1,1,'Andorra',1),(2,1,'Albania',0),(3,1,'Alemania',0),(4,1,'Andalucía',0),(5,2,'Barcelona',1),(6,2,'Girona',0),(7,2,'Lleida',0),(8,2,'Tarragona',0),(9,3,'Chile',1),(10,3,'Dominicana',0),(11,3,'Ecuador',0),(12,3,'Argentina',0),(13,4,'Dublín',1),(14,4,'Glasgow',0),(15,4,'Limerick',0),(16,4,'Tallín',0),(17,5,'Estrecho de Gibraltar',1),(18,5,'Estrecho de Ormuz',0),(19,5,'Estrecho de Magallanes',0),(20,5,'Estrecho de Bering',0),(21,6,'Finlandia',1),(22,6,'Estonia',0),(23,6,'Letonia',0),(24,6,'Lituania',0),(25,7,'Groenlandia',1),(26,7,'Antartida',0),(27,7,'Barbados',0),(28,7,'Turcos Y Caicos',0),(29,8,'Himalaya',1),(30,8,'Karakórum',0),(31,8,'Andes ',0),(32,8,'Alpes',0),(33,9,'Islandia',1),(34,9,'Irlanda',0),(35,9,'Islas Marchall',0),(36,9,'Irán',0),(37,10,'Japón',1),(38,10,'Corea del Norte',0),(39,10,'Corea del Sur',0),(40,10,'Taiwán',0),(41,11,'Kenia',1),(42,11,'Sudán',0),(43,11,'Libia',0),(44,11,'Argelia',0),(45,12,'Londres',1),(46,12,'Manchester',0),(47,12,'Liverpool',0),(48,12,'Oxford',0),(49,13,'Mar Mediterraneo',1),(50,13,'Mar Báltico',0),(51,13,'Mar Negro',0),(52,13,'Mar Pacífico',0),(53,14,'Noruega',1),(54,14,'Finlandia',0),(55,14,'Nicaragua',0),(56,14,'Nairobi',0),(57,15,'Óasis',1),(58,15,'Erial',0),(59,15,'Yermo',0),(60,15,'Oáramo',0),(61,16,'Panamá',1),(62,16,'Eipto',0),(63,16,'Alemania',0),(64,16,'Grecia',0),(65,17,'Qatar',1),(66,17,'Comoras',0),(67,17,'Yibuti',0),(68,17,'Qomán',0),(69,18,'Rusia',1),(70,18,'Estados Unidos de America',0),(71,18,'China',0),(72,18,'India',0),(73,19,'Suiza',1),(74,19,'Suecia',0),(75,19,'Serbia',0),(76,19,'Mónaco',0),(77,20,'Tasmania',1),(78,20,'Tenerife',0),(79,20,'Trinidad',0),(80,20,'Tahití',0),(81,21,'Uruguay',1),(82,21,'Unduras',0),(83,21,'Perú',0),(84,21,'Uganda',0),(85,22,'Venezuela',1),(86,22,'Cuba',0),(87,22,'Republica Dominicana',0),(88,22,'Haití',0),(89,23,'Wales',1),(90,23,'Gales',0),(91,23,'Wengland',0),(92,23,'Escotland',0),(93,24,'Xi Jiang',1),(94,24,'Xamur',0),(95,24,'Xhang Jiang',0),(96,24,'Huang  He',0),(97,25,'Yucatán',1),(98,25,'Baja California',0),(99,25,'Yamal',0),(100,25,'Yuno',0),(101,26,'Rio Zambeze',1),(102,26,'Rio Nilo',0),(103,26,'Rio Congo',0),(104,26,'Rio Níger',0),(105,27,'Adolf',1),(106,27,'Otto von Bismarck',0),(107,27,'Theobald von Bethmann-Hollweg',0),(108,27,'Federico III',0),(109,28,'Bizantino',1),(110,28,'Carolingio ',0),(111,28,'Imperio Romano Germánico',0),(112,28,'Califato Islámico',0),(113,29,'Cristobal Colón',1),(114,29,'Juan Sebastián Elcano',0),(115,29,'Zheng He',0),(116,29,'Don Quijote',0),(117,30,'Dictador',1),(118,30,'Rey',0),(119,30,'Mesías',0),(120,30,'César',0),(121,31,'Egipcia',1),(122,31,'Mesopotámica',0),(123,31,'Hindú',0),(124,31,'China',0),(125,32,'Faraon',1),(126,32,'Visir',0),(127,32,'Sesh',0),(128,32,'Hem-Netjer',0),(129,33,'Galileo Galilei',1),(130,33,'Pierre-Simon Laplace',0),(131,33,'Leonhard Euler',0),(132,33,'Joseph-Louis Lagrange',0),(133,34,'Heródoto de Halicarnaso',1),(134,34,'Sima Qian',0),(135,34,'Tucídides',0),(136,34,'Leopold von Ranke',0),(137,35,'Inca',1),(138,35,'Imperio Mongol',0),(139,35,'Indaemon',0),(140,35,'Insopetacol',0),(141,36,'Juana de Arco',1),(142,36,'Jeanne Moreau',0),(143,36,'Juana III de Navarra',0),(144,36,'Jacqueline de Romilly',0),(145,37,'Karl Marx',1),(146,37,'KarloMagno',0),(147,37,'Kartin Klartón',0),(148,37,'Kalbert den-chein',0),(149,38,'Lenin',1),(150,38,'León Trotsky',0),(151,38,'Lstalin',0),(152,38,'Léstor Majnó',0),(153,39,'Medievo',1),(154,39,'Mesolítico',0),(155,39,'Minoico',0),(156,39,'Meiji',0),(157,40,'Núremberg',1),(158,40,'Berlín',0),(159,40,'Colonia',0),(160,40,'Bremen',0),(161,41,'Omaní',1),(162,41,'Orgus',0),(163,41,'Odris',0),(164,41,'Otomano',0),(165,42,'Pompeya',1),(166,42,'Ponstantinopla',0),(167,42,'Préveris',0),(168,42,'Palejandría',0),(169,43,'Quing',1),(170,43,'Queng',0),(171,43,'Quange',0),(172,43,'Quash',0),(173,44,'Revolución Francesa',1),(174,44,'Revolución Industrial',0),(175,44,'Revolución Agricola',0),(176,44,'Revolución Marchotamica',0),(177,45,'Socrates',1),(178,45,'Séneca',0),(179,45,'Simplício de Cilicia',0),(180,45,'Spinoza',0),(181,46,'Tutankamon',1),(182,46,'Tutmosis',0),(183,46,'Tiy',0),(184,46,'Tauseret',0),(185,47,'URSS',1),(186,47,'UCM',0),(187,47,'UKC',0),(188,47,'UAO',0),(189,48,'Vikingos',1),(190,48,'Varvaros',0),(191,48,'Vesugos',0),(192,48,'Vomberios',0),(193,49,'Duque de Wellington',1),(194,49,'Duque de Willgham',0),(195,49,'Duque de Wallstreet',0),(196,49,'Wallrtin',0),(197,50,'Dinastia Xia',1),(198,50,'Xen',0),(199,50,'Xuan',0),(200,50,'Xion',0),(201,51,'Dinastia Yuan',1),(202,51,'Yutecan',0),(203,51,'Yena',0),(204,51,'Yo-hun',0),(205,52,'Dinastia Zhou',1),(206,52,'Zeng',0),(207,52,'Zhos',0),(208,52,'Zeus',0),(209,53,'ABBA',1),(210,53,'Abel',0),(211,53,'Adele',0),(212,53,'Args',0),(213,54,'Batería',1),(214,54,'Bandoneón',0),(215,54,'Bongó',0),(216,54,'Bombo',0),(217,55,'Chopín',1),(218,55,'Cornelius',0),(219,55,'Corellí',0),(220,55,'Cavallí',0),(221,56,'DJ',1),(222,56,'DP',0),(223,56,'Disyóquey ',0),(224,56,'Deepath',0),(225,57,'Elvis Presley',1),(226,57,'Eddie Cochran',0),(227,57,'Ella Fitzgerald',0),(228,57,'Erroll Garner',0),(229,58,'Flamenco',1),(230,58,'Flojta',0),(231,58,'Flopa',0),(232,58,'Fralapo',0),(233,59,'Guitarra',1),(234,59,'Guitarrón',0),(235,59,'Guzheng',0),(236,59,'Gaita',0),(237,60,'Händel',1),(238,60,'Hudwig van Beethoven',0),(239,60,'Hélix Mendelssohn',0),(240,60,'Hobert Schumann',0),(241,61,'Iglesias',1),(242,61,'ISman',0),(243,61,'Irnandéz',0),(244,61,'Irfaldo',0),(245,62,'Jackson, Michael',1),(246,62,'Jordan, Michael',0),(247,62,'Thomas Jefferson',0),(248,62,'J.K. Rowling',0),(249,63,'K-Pop',1),(250,63,'K-pap',0),(251,63,'Kuang',0),(252,63,'Kosh',0),(253,64,'Lady Gaga',1),(254,64,'Lemur',0),(255,64,'Leonardo Da',0),(256,64,'Lana del Rey',0),(257,65,'Mozart',1),(258,65,'Meethoven',0),(259,65,'Mrahms',0),(260,65,'Leonardo da Vinci',0),(261,66,'Nota',1),(262,66,'Nudo',0),(263,66,'Nitx',0),(264,66,'Narc',0),(265,67,'Orquesta',1),(266,67,'Omaní',0),(267,67,'Octeto',0),(268,67,'Orchesta',0),(269,68,'Pop',1),(270,68,'Punk',0),(271,68,'Plena',0),(272,68,'Post-Rock',0),(273,69,'Queen',1),(274,69,'Queen-Bee',0),(275,69,'Quilapayún',0),(276,69,'Queens of the Stone Age',0),(277,70,'Rihanna',1),(278,70,'Rosalia',0),(279,70,'Raye',0),(280,70,'Ruth Brown',0),(281,71,'Saxofón',1),(282,71,'Sheng',0),(283,71,'Steelpan',0),(284,71,'Surdo',0),(285,72,'Tempo',1),(286,72,'Tass',0),(287,72,'Trhag',0),(288,72,'Tiempo',0),(289,73,'Ukelele',1),(290,73,'Umbrago',0),(291,73,'Ucarto',0),(292,73,'Ucharango',0),(293,74,'Viiolín',1),(294,74,'Viola',0),(295,74,'Violonchelo',0),(296,74,'Voctobajo',0),(297,75,'Woodstock',1),(298,75,'WaterBomb',0),(299,75,'Womad',0),(300,75,'Wacken Open Air',0),(301,76,'Xilófono',1),(302,76,'Xalam',0),(303,76,'Xuan',0),(304,76,'Xaphoon',0),(305,77,'Yoko ono',1),(306,77,'Yinka Shonibare',0),(307,77,'Yasuke Yokoo',0),(308,77,'Yayoi Kusama',0),(309,78,'Zamba',1),(310,78,'Zumba',0),(311,78,'Zeze',0),(312,78,'Zalga',0),(313,79,'AMD',1),(314,79,'Apple',0),(315,79,'Amazon',0),(316,79,'Amanico',0),(317,80,'BOOLEAN',1),(318,80,'BOOL',0),(319,80,'Binario',0),(320,80,'Bash',0),(321,81,'CPU',1),(322,81,'Cerebro de Ordenador',0),(323,81,'Cloud Computing',0),(324,81,'CRUD',0),(325,82,'Disco Duro',1),(326,82,'DevOps',0),(327,82,'DNS',0),(328,82,'DRAM',0),(329,83,'Email',1),(330,83,'Ebox',0),(331,83,'eBay',0),(332,83,'Eshock',0),(333,84,'FaceBook',1),(334,84,'Flicker',0),(335,84,'Fotolog',0),(336,84,'Friendster',0),(337,85,'Gigabyte',1),(338,85,'GetaByte',0),(339,85,'Gega-Byte',0),(340,85,'Giga',0),(341,86,'Hackers',1),(342,86,'Hacakroom',0),(343,86,'Hasher',0),(344,86,'Harper',0),(345,87,'Internet',1),(346,87,'Intranet',0),(347,87,'Infranet',0),(348,87,'Instread',0),(349,88,'JoyStick',1),(350,88,'Joyful',0),(351,88,'Joy-Boy',0),(352,88,'JoyMack',0),(353,89,'KeyBoard',1),(354,89,'KeyShortcut',0),(355,89,'Keymax',0),(356,89,'Key',0),(357,90,'Linux',1),(358,90,'Lisp Machine OS',0),(359,90,'Lisa OS',0),(360,90,'Lumina',0),(361,91,'Microsoft',1),(362,91,'Mattel',0),(363,91,'Marvel',0),(364,91,'Mastercard',0),(365,92,'Nube',1),(366,92,'Network',0),(367,92,'NASH',0),(368,92,'NAS',0),(369,93,'Online',1),(370,93,'Offline',0),(371,93,'Outline',0),(372,93,'OUTInline',0),(373,94,'Píxel',1),(374,94,'Pixar',0),(375,94,'Plex',0),(376,94,'Presix',0),(377,95,'QWERTY',1),(378,95,'Query spanish',0),(379,95,'Qamish',0),(380,95,'QYTREW',0),(381,96,'RAM',1),(382,96,'VRAM',0),(383,96,'RACK',0),(384,96,'Rush',0),(385,97,'SPAM',1),(386,97,'Splash',0),(387,97,'Span',0),(388,97,'Saas',0),(389,98,'Twitter',1),(390,98,'Threads',0),(391,98,'Thrag',0),(392,98,'Thanos',0),(393,99,'URL',1),(394,99,'UML',0),(395,99,'UHL',0),(396,99,'UJP',0),(397,100,'Virus',1),(398,100,'Vram',0),(399,100,'Vasup',0),(400,100,'Virión',0),(401,101,'Wifi',1),(402,101,'WIreless',0),(403,101,'Wtoth',0),(404,101,'Wack',0),(405,102,'Xbox',1),(406,102,'Xintendo',0),(407,102,'Xdeck',0),(408,102,'Xamex',0),(409,103,'Yottabyte',1),(410,103,'Yute',0),(411,103,'Yurr',0),(412,103,'YuseByte',0),(413,104,'Zoom',1),(414,104,'Google Zeet',0),(415,104,'Zistsi Meet',0),(416,104,'Zaam',0),(417,105,'Animal Crossing',1),(418,105,'Assassin´s Creed',0),(419,105,'Age of Empires',0),(420,105,'Arkham',0),(421,106,'Batman',1),(422,106,'Bruce Wayne',0),(423,106,'Bane',0),(424,106,'Banner',0),(425,107,'Cartoon Network',1),(426,107,'Comedy Central',0),(427,107,'CNN',0),(428,107,'Comedy Central',0),(429,108,'Disney',1),(430,108,'Discovery Chanel',0),(431,108,'DreamWorks',0),(432,108,'Digital Arts',0),(433,109,'E.T.',1),(434,109,'Elsa',0),(435,109,'Epona',0),(436,109,'Edward',0),(437,110,'Fast & Furious',1),(438,110,'Feed For speed',0),(439,110,'Fast & Food',0),(440,110,'Fart',0),(441,111,'Godzilla',1),(442,111,'Gamera',0),(443,111,'Gex',0),(444,111,'Ganon',0),(445,112,'Harry Potter',1),(446,112,'Hasta',0),(447,112,'Harsel',0),(448,112,'Hermion',0),(449,113,'Interestelar',1),(450,113,'Illmary Project',0),(451,113,'Inception',0),(452,113,'Indiana Jones',0),(453,114,'James Bond',1),(454,114,'John Wick',0),(455,114,'Jack Sparrow',0),(456,114,'Joker',0),(457,115,'Kirby',1),(458,115,'Kratos',0),(459,115,'Kazuya Mishima',0),(460,115,'Kamek',0),(461,116,'Looney Tunes',1),(462,116,'Ladybug',0),(463,116,'Little Einsteins',0),(464,116,'LazyTown',0),(465,117,'Mickey Mouse',1),(466,117,'Micey',0),(467,117,'Mikachu',0),(468,117,'Marchu',0),(469,118,'Netflix',1),(470,118,'Metflix',0),(471,118,'Nex',0),(472,118,'Nofliz',0),(473,119,'Olaf',1),(474,119,'Olax',0),(475,119,'Orlax',0),(476,119,'Omar',0),(477,120,'Piratas del Caribe',1),(478,120,'Piratas del Sahara',0),(479,120,'Piratas del mediterraneo',0),(480,120,'Piratas',0),(481,121,'Quentin Tarantino',1),(482,121,'Quasar',0),(483,121,'QuickSilver',0),(484,121,'Qello Concerts',0),(485,122,'Rambo',1),(486,122,'Rocky Balboa',0),(487,122,'Ray Tango',0),(488,122,'Rush Hunson',0),(489,123,'Star Wars',1),(490,123,'Star Destructor',0),(491,123,'Stack Poor',0),(492,123,'Star Treek',0),(493,124,'Titanic',1),(494,124,'Tunberry',0),(495,124,'The Terror',0),(496,124,'Trinidad',0),(497,125,'Up',1),(498,125,'Uncle Topolino',0),(499,125,'Ume',0),(500,125,'University',0),(501,126,'Vikingos',1),(502,126,'Valvet',0),(503,126,'V',0),(504,126,'Gen V',0),(505,127,'Warner Bros',1),(506,127,'Way Back',0),(507,127,'Warmer Beach',0),(508,127,'Widow Black',0),(509,128,'X-Men',1),(510,128,'X.Japan',0),(511,128,'Xiu Xiu',0),(512,128,'X-Fantastic',0),(513,129,'Yu-Gi-Oh!',1),(514,129,'Yuru Camp',0),(515,129,'Yozakura',0),(516,129,'Yojouhan',0),(517,130,'Zombie',1),(518,130,'Zoro',0),(519,130,'Zelda',0),(520,130,'Zekrom',0),(521,131,'Arsenal',1),(522,131,'Atletico de Madrid',0),(523,131,'Ajax de Ámsterdam',0),(524,131,'A.C. Milan',0),(525,132,'Barça',1),(526,132,'Bayern de Munich',0),(527,132,'Borussia Dortmund',0),(528,132,'Benfica',0),(529,133,'Champions League',1),(530,133,'Copa Libertadores',0),(531,133,'Copa del Rey',0),(532,133,'Copa Africana',0),(533,134,'Dončić, Luka',1),(534,134,'Diego Armando Maradona',0),(535,134,'Dirk Nowitzki',0),(536,134,'Dennis Rodman',0),(537,135,'España',1),(538,135,'Estonia',0),(539,135,'Etiopía',0),(540,135,'Eslovenia',0),(541,136,'F1',1),(542,136,'F2',0),(543,136,'F5',0),(544,136,'Ferrari Land',0),(545,137,'Gasol',1),(546,137,'Gabi',0),(547,137,'Guerrero Chus',0),(548,137,'Gento',0),(549,138,'Hockey',1),(550,138,'HandBall',0),(551,138,'Hoverboard Racing',0),(552,138,'Huttball',0),(553,139,'Iker Casillas',1),(554,139,'Iniesta',0),(555,139,'Ibrahimović',0),(556,139,'Iverson',0),(557,140,'Judo',1),(558,140,'Jiu-Jitsu',0),(559,140,'Jinetismo',0),(560,140,'Javelin',0),(561,141,'Kart',1),(562,141,'Kartcross',0),(563,141,'superkarts',0),(564,141,'karts Copa piston',0),(565,142,'Lionel Messi',1),(566,142,'LeBron James',0),(567,142,'Lamine Yamal',0),(568,142,'Luka Modrić',0),(569,143,'Marc Marquéz',1),(570,143,'Mbappé',0),(571,143,'Mohamed salah',0),(572,143,'Maverick Viñales',0),(573,144,'Natación',1),(574,144,'Natación artistica',0),(575,144,'Nascar',0),(576,144,'Nordic Walking',0),(577,145,'Olimpiadas',1),(578,145,'Olympus Rally',0),(579,145,'Orange Bowl',0),(580,145,'Olimpiadas de Ajedrez',0),(581,146,'Puyol',1),(582,146,'Pelé',0),(583,146,'Pau Gasol',0),(584,146,'Patrick Ewing',0),(585,147,'Qatar',1),(586,147,'Quito',0),(587,147,'Quanzhou',0),(588,147,'Quebec',0),(589,148,'Ronaldo',1),(590,148,'Ronaldinho',0),(591,148,'Ronaldo Nazario',0),(592,148,'Rafael Nadal',0),(593,149,'Surf',1),(594,149,'Skateboarding',0),(595,149,'Snowboard',0),(596,149,'SpeedBall',0),(597,150,'Tour de Francia',1),(598,150,'Torneo de Madrid',0),(599,150,'Torneo de Candidatos',0),(600,150,'Triple Corona',0),(601,151,'UEFA',1),(602,151,'UFC',0),(603,151,'UWW',0),(604,151,'UCI',0),(605,152,'Volei',1),(606,152,'Vela',0),(607,152,'Vuelo sin Motor',0),(608,152,'Volteo',0),(609,153,'Williams',1),(610,153,'Wingston',0),(611,153,'Willington',0),(612,153,'Wesh',0),(613,154,'Xabi Alonso',1),(614,154,'Xavi Hernández',0),(615,154,'Xavi Forés',0),(616,154,'Xavier Siméon',0),(617,155,'Yankees',1),(618,155,'Yonki',0),(619,155,'Yenkins',0),(620,155,'Yenkeens',0),(621,156,'ZINEDINE ZIDANE',1),(622,156,'Zlatan Ibrahimović',0),(623,156,'Zico',0),(624,156,'Zanardi',0);
/*!40000 ALTER TABLE `respuestas` ENABLE KEYS */;
UNLOCK TABLES;

--
-- Table structure for table `usuarios`
--

DROP TABLE IF EXISTS `usuarios`;
/*!40101 SET @saved_cs_client     = @@character_set_client */;
/*!50503 SET character_set_client = utf8mb4 */;
CREATE TABLE `usuarios` (
  `id` int NOT NULL AUTO_INCREMENT,
  `nombre_usuario` varchar(50) NOT NULL,
  `password` varchar(255) NOT NULL,
  `fecha_registro` date NOT NULL,
  `email` varchar(255) NOT NULL,
  `is_admin` tinyint(1) DEFAULT '0',
  `nombre_completo` varchar(100) DEFAULT NULL,
  `mejor_tiempo` time DEFAULT NULL,
  `puntos_maximos` int DEFAULT '0',
  `token_recuperacion` varchar(255) DEFAULT NULL,
  PRIMARY KEY (`id`),
  UNIQUE KEY `nombre_usuario` (`nombre_usuario`)
) ENGINE=InnoDB AUTO_INCREMENT=3 DEFAULT CHARSET=utf8mb4 COLLATE=utf8mb4_0900_ai_ci;
/*!40101 SET character_set_client = @saved_cs_client */;

--
-- Dumping data for table `usuarios`
--

LOCK TABLES `usuarios` WRITE;
/*!40000 ALTER TABLE `usuarios` DISABLE KEYS */;
INSERT INTO `usuarios` VALUES (1,'Administrador','Admin123.','2026-05-27','danielivina01@gmail.com',1,'Administrador',NULL,0,NULL),(2,'ema.martin.19@gmail.com','Volta123.','2026-05-27','ema.martin.19@gmail.com',0,NULL,NULL,0,NULL);
/*!40000 ALTER TABLE `usuarios` ENABLE KEYS */;
UNLOCK TABLES;
SET @@SESSION.SQL_LOG_BIN = @MYSQLDUMP_TEMP_LOG_BIN;
/*!40103 SET TIME_ZONE=@OLD_TIME_ZONE */;

/*!40101 SET SQL_MODE=@OLD_SQL_MODE */;
/*!40014 SET FOREIGN_KEY_CHECKS=@OLD_FOREIGN_KEY_CHECKS */;
/*!40014 SET UNIQUE_CHECKS=@OLD_UNIQUE_CHECKS */;
/*!40101 SET CHARACTER_SET_CLIENT=@OLD_CHARACTER_SET_CLIENT */;
/*!40101 SET CHARACTER_SET_RESULTS=@OLD_CHARACTER_SET_RESULTS */;
/*!40101 SET COLLATION_CONNECTION=@OLD_COLLATION_CONNECTION */;
/*!40111 SET SQL_NOTES=@OLD_SQL_NOTES */;

-- Dump completed on 2026-05-27  8:49:37
